Étreintes,1978,90
Étreintes à la prison de femmes,1989,78
Étude de Synchromie,2014,3
Étude du mouvement incident,2013,4
Étude en 21 points,1968,11
Étude n.11 opus 25,1993,4
Étude pour Déserts,1987,24
Études de mouvements,1928,4
Études solares,1989,25
Études sur Paris,1928,76
Études: Estudio con camera # 1,1998,39
Étudiantes en cavale,1977,80
Étudiantes à sodomiser sans limites,1985,75
Été '85,2014,94
Été brulant,1995,85
Été torride: Sweaty Boys,2002,116
Éva A 5116,1964,87
Éva s'éveille à l'amour,1981,70
Évangéline en quête,1996,54
Évasion,2001,12
Éveil,1967,17
Évente tíz perc,1981,10
Évforduló,1936,102
Évgyürük,1984,22
Évocateur: The Morton Downey Jr. Movie,2012,90
Évocation spirite,1899,1
Évolu,1974,7
Évoluons,dans le cinéma et la création 1973,28
Évolution,2015,81
Évora,2013,20
Évszakok,1980,11
Événement,2005,49
Éxito por intercambio,2003,95
Éxodo,1937,10
Éxodo,2015,8
Éxtasis,1996,93
Éxtasis tropical,1970,90
Éxtasis tropical,1970,67
Ê kyou wa minasama ni gohoukoku ga arimashite.,2016,40
Êk Momik Du Momik...,2014,105
Êsse Mundo é Meu,1964,79
Êtes-vous fiancée à un marin grec ou à un pilote de ligne?,1971,France:96
Êtes-vous fiancée à un marin grec ou à un pilote de ligne?,1971,Germany:95
Êtes-vous jalouse?,1938,100
Êtes-vous malades?,1973,21
Être,2012,2
Être,2014,88
Être acteur,2006,210
Être avec,1996,16
Être et avoir,2002,104
Être et avoir,2002,105
Être là,2012,94
Être vivant,2013,17
Êxtase de Sádicos,1973,88
Ìrètí,2016,11
Í draumi sérhvers manns,1995,15
Í faðmi hafsins,2001,111
Í launkofa,1972,30
Í ljósakiptunum II,1994,89
Í ljósaskiptunum,1993,97
Í skugga hrafnsins,1988,124
Í viðjum vanans,2014,18
Ícaro,1995,8
Ícaro,2011,40
Ícaro nuevo,1963,10
Ícaros,2014,56
Ídem,2003,30
Ídolos,1943,82
Így fog leperegni,1970,37
Így jöttem,1965,109
Így jöttem,1965,108
Így készül a cipö,1950,25
Így írtok ti,1994,70
Így ahogy vagytok,2010,95
Ília,2014,17
Íncubo - Der Dämon der Liebe.,2004,5
Índia - O Caminho dos Deuses,1991,90
Índia a Filha do Sol,1982,85
Íntimamente,1968,15
Íntimos,2005,12
Íntimos Extraños,2014,19
Íslensk alþýða,2009,29
Íslenska alþjóðabjörgunarsveitin: Haiti,2010,70
Íslenski draumurinn,2000,90
Ítaca,1999,90
Ítél a Balaton,1933,58
Ítél a Balaton,1933,65
Ítélet,1971,99
Ítélet nélkül,1979,69
Ítéletlenül,1991,77
Ítéletnapig,1972,35
Île & Aile,2015,24
Île Maurice,1999,43
Île Maurice enn novo sime,1983,56
Île Maurice perle de l'océan indien,1973,30
Île de beauté,1996,70
Île flottante,1988,12
Îles du diable - L'archipel des mondes perdus,2001,58
Îles flottantes,2001,82
Îles-de-la-Madeleine,1952,10
Îlé Aiyé,1989,51
În Trecere,2015,10
În acvariu,2013,20
În acvariu,2013,21
În cãutarea tatãlui pierdut,2016,61
În fiecare zi Dumnezeu ne saruta pe gura,2001,93
În fiecare zi Dumnezeu ne saruta pe gura,2001,95
Îngerul necesar,2007,95
Întoarcerea Vlasinilor,1983,103
Întoarcerea lui Voda Lapusneanu,1980,140
Întoarcerea magilor,2016,86
Întâlnire cu al treilea reich,2009,14
Întâlnire cu al treilea reich,2009,13
Întâlniri încrucisate,2008,100
Îsu II: Tenkû no shinden,1992,30
Îsutâ naitomea: Shi no îsutâ banî,2016,63
Ña noniep,2009,148
Ñaco,2009,11
Ñawpaqpas kunanpas allpanchis kawsayninchis,2014,24
Ñeñeñe,2014,4
Ñusta Huillac La Tirana,2012,29
Ñuu tava neza,2008,32
Ó Paí Ó,2007,96
Ó blessuð vertu sumarsól,2014,80
Ó pai o que é a crise?,2012,3
Óceánok és tengerek,1981,10
Ódauðleg ást,2011,12
Ódio,1977,125
Ódiquê?,2004,90
Ófeigur gengur aftur,2013,92
Ókunn Dufl,1993,30
Ól,2015,10
Ól,2015,11
Ólafur Arnalds at Sydney Opera House,2016,7
Óleo azul,2001,18
Óleo sobre Celuloide,2012,3
Ólomidö,2005,20
Ólotl,2014,3
Ópalo de fuego: Mercaderes del sexo,1980,96
Ópera,2007,87
Ópera Curta,2007,12
Ópera Lohengrin,2004,107
Ópera Prima,2012,54
Ópera do Malandro,1986,105
Ópera do Malandro,1986,105
Ópera feminea,: Margot Benacerraf 2005,22
Ópera feminea,: Marianne Eyde 2005,22
Ópera feminea,: Martha Rodríguez 2005,22
Ópera prima,1980,94
Ópio,2013,14
Ópium: Egy elmebeteg nö naplója,2007,90
Ópiumkeringö,1943,66
Ópusztaszer,2006,11
Óra,2009,8
Órale primo,2003,90
Órbitas,2013,8
Órfãos do Eldorado,2015,96
Óriások és törpék,1980,13
Órói,2010,93
Óscar Rosmano,1964,20
Óscar desafinado,2014,20
Óscar y Carlos,1974,8
Óscar y Carlos 82,1982,6
Óscar. Una pasión surrealista,2008,108
Óskabörn þjóðarinnar,2000,72
Ósmy dzien tygodnia,1958,83
Ósmy dzien tygodnia,1958,85
Óstán Na Gcroíthe Briste,2000,22
Óxido,2016,15
Óðal feðranna,1980,93
Ô Dé!,2002,59
Ô Gaule,1974,9
Ô divin bovin,2013,6
Ô heureux jours!,2013,93
Ô jeunesse,2010,10
Ô mai gotto!?,2010,25
Ô mon corps!,2012,70
Ô ou l'invisible enfant,1972,67
Ô rage électrique!,1985,79
Ô trouble,1999,9
Ô! Fâzâ,2013,107
Ô! Fâzâ,2013,103
Ô-oku emaki,1968,96
Ô-oku maruhi monogatari,1967,96
Ôarai ni mo hoshi wa furu nari,2009,103
Ôatari sanshoku musume,1957,94
Ôatari sora no en-taku,1932,10
Ôban,1957,118
Ôbantô Kobantô,1967,81
Ôbayashi Nobuhiko seishun kaikoroku,1997,225
Ôbâ fensu,2016,112
Ôdeiri,1964,94
Ôdishon,1999,115
Ôdishon,1999,113
Ôdîn - Kôshi hobune stâraito,1985,139
Ôdîn - Kôshi hobune stâraito,1985,93
Ôedo Reipuman,1996,76
Ôedo Reipuman: Nyoin shokeinin,1996,74
Ôedo kenka matoi,1957,83
Ôedo seitô-den onnagiri,1973,71
Ôedo senryô bayashi,1955,84
Ôedo shichininshû,1958,92
Ôedo:,onna isha arashi 1975,73
Ôendanchô no koi,1933,78
Ôenka,1938,76
Ôgon Batto ga yattekuru,1972,92
Ôgon batto,1966,73
Ôgon no hô: Eru Kantâre no rekishikan,2003,110
Ôgon no inu,1979,137
Ôgon o daite tobe,2012,129
Ôhi no yakata,2015,123
Ôhinata-mura,1940,84
Ôhinata-mura no yonjûroku-nen: Manshû imin sono go no hitobito,1986,155
Ôinaru gen'ei,1999,95
Ôinaru kanô,1941,71
Ôinaru tabiji,1960,95
Ôkami,1955,127
Ôkami no monshô,1973,78
Ôkami shôjo,2005,107
Ôkami to buta to ningen,1964,95
Ôkesutora,1995,5
Ôki-ke no tanoshii ryokô: Shinkon jigoku-hen,2011,121
Ôkiku naru yo,1931,3
Ôkoku,1973,83
Ôkoku,1973,87
Ôma no tsuji - Edo no maki,1938,92
Ômura Masujirô,1942,117
Ônibus 174,2002,150
Ônibus 174,2002,120
Ônibus 174,2002,122
Ônibus 174,2002,119
Ôoku,2010,116
Ôoku jûhakkei,1986,115
Ôoku ukiyo-buro,1977,90
Ôoku ukiyo-buro,1977,81
Ôoku: Eien - Emonnosuke · Tsunayoshi-hen,2012,124
Ôoku: Ukiehiren,2008,80
Ôrai,2001,75
Ôritsu uchûgun Oneamisu no tsubasa,1987,121
Ôrora: Tenkou no hikari,2001,27
Ôru naito rongu R,2002,83
Ôru sutâ kanshasai '05 haru: Chôgôka! Kuizu ketteiban,2005,318
Ôrí,1989,100
Ôsaka Hamuretto,2008,107
Ôsaka jadô: Snake of violence,2013,110
Ôsaka monogatari,1957,97
Ôsaka monogatari,1999,119
Ôsaka no yado,1954,122
Ôsaka-jô monogatari,1961,95
Ôsama gêmu,2011,82
Ôsama no kampô,2004,104
Ôsama to boku,2012,84
Ôsen chitai,1960,79
Ôsho,1962,92
Ôshô,1948,94
Ôshô,1973,101
Ôsone-ke no ashita,1946,81
Ôsu! Batayan,2013,95
Ôte,1991,108
Ôtoko ga bâkuhatsû surû,1959,96
Ôura Anna himeta omoi,2003,100
Ôura Anna ningyo hime hajimete no S&M,2003,60
Ôura Anna platinum best 4-jikan digital master-ban,2013,240
Ôura Anna tsutsumaretai,2001,40
Ôwarai daifukuchô,1956,38
Ôzora no isho,1941,90
Ôzora no muhômono,1960,88
Ôzora no samurai,1976,102
Ôzora no yarôdomo,1960,91
Ôzu Den'ô ôru raidâ: Rettsu gô Kamen raidâ,2011,Japan:90
Õlimäe õied,2013,70
Õnn tuleb magades,2016,90
Õnne manifest,2014,13
Õnnelind flamingo,1986,67
Õpetaja lugu,2011,7
Õrzõ,2013,16
Ö,2002,60
Öcsi a sztár,1988,49
Öcsögök,2001,75
Ödemarksprästen,1946,96
Ödenwaldstetten,1964,36
Ödets hjälpande hand,2010,8
Ödets man,1924,84
Ödets man,1960,60
Ödeö,2015,12
Ödipussi,1988,88
Ödland - Damit keiner das so mitbemerkt,2013,79
Öfelsége a Király nevében,1919,9
Öffentliche Hinrichtung,1975,9
Öffentliche Sicherheit,2009,6
Öfkeli Sahin,1995,84
Öfkeli çilginlik karamsar çile,2011,80
Ögat,1998,114
Ögat handen tiden rummet,2000,30
Ögey ana,1958,86
Ögonblick/Moments,2003,2
Ögonblickets barn,1991,47
Ögrenci Isleri,2015,100
Ögretmen,1988,89
Ögretmen Kemal,1981,91
Ögretmen Zeynep,1989,78
Ök,2005,5
Ök hárman és a többiek,1983,16
Ök ketten,1977,100
Ök tudják mi a szerelem,1964,52
Ök tudják mi a szerelem,1983,56
Öko für alle? Bioprodukte auf dem Prüfstand,2008,43
Ökoropa,1991,135
Öksüz,1968,80
Öksüzler,1973,84
Öl Schock,2011 {{SUSPENDED}},120
Öldür beni,2009,95
Öldür beni,2009,95
Öldür onu,2008,95
Öldüren örümcek,1972,69
Öleceksek ölelim,1970,72
Ölfilm,1994,25
Öljynjalostamo syntyy,1958,13
Ölli,2013,68
Ölmek var dönmek yok,1972,72
Ölmeyen arkadaslik,1982,77
Ölmez Agaci,1984,93
Ölmüs bir kadinin mektuplari,1969,84
Ölsucher am Polarkreis,2002,4
Ölwechsel,2000,90
Ölü bir deniz,1989,84
Ölü bölgeden fisiltilar,2012,86
Ölü fotograf,2004,11
Ölücanlar,2010,91
Ölüler XXI Asr,2016,165
Ölüler konusmaz ki,1970,76
Ölüm,2010,19
Ölüm Pesimizde,2000,90
Ölüm Yolu,1985,89
Ölüm avcisi,1986,74
Ölüm görevi,1978,74
Ölüm saati,1967,76
Ölüm satanlar,1973,62
Ölüm saçan dudaklar,1965,58
Ölüm yarisi,1978,57
Ölüm yolculugu,1995,65
Ölüme son adim,1983,77
Ölüme yalniz gidilir,1962,92
Ölüme yalniz gidilir,1976,64
Ölümle Dudak Dudaga,1972,74
Ölümsüz Hatiralar,2013,15
Ölümsüz kadin,1967,88
Ölümü Uyku Sanmak,2006,3
Ölünceye kadar,1970,80
Ölürayak,1990,84
Ölürmüsün öldürürmüsün,1972,67
Ömer Hayyam,1973,70
Ömer Seyfettin: Bomba,1993,40
Ömheten,1989,84
Ömheten,2013,80
Ömrümce agladim,1967,82
Ömrümün Tek Gecesi,1968,86
Ömrümün tek gecesi,1984,70
Ön,1966,107
Ön dönt!,2003,8
Ön görüye agit,2012,80
Önce vatan,1974,89
Öncsöd,,45
Öndivatbemutató,1976,17
Öngyilkosság,1967,20
Önportré - keretbefeszítve,2001,11
Önskas,1991,74
Öntözövíz,1981,25
Öpme sev,1975,70
Öpmek Geldi Içimden,1986,80
Öppna Ögonen,2014,11
Ördög vigye,1992,90
Ördöge van zsugori uram,2001,15
Ördögi kör,2008,6
Ördöglovas,1944,82
Ördögváltozás Csíkban,1993,40
Öreg és fiatal,1969,5
Örjan den höjdrädda örnen,1999,21
Örkény lexikon,2007,58
Örlogsmän,1943,92
Örnen,2011,19
Örnungar,1944,102
Örstutt jól,2010,10
Örségváltás,1942,91
Örvény,2008,27
Örök megújulás,1966,84
Örök tavaly,2001,60
Örökbefogadás,1975,89
Örökkön-örökké,1984,71
Öröklakás,1963,53
Örökség,1980,100
Örökség,1980,105
Örült szerelem ez,2008,74
Örült és angyal,1989,48
Ösborókás Dél-Magyarországon,1984,25
Ösformák,1996,31
Ösga vaxt,1996,85
Öslovashaza,1994,29
Össztánc,1972,5
Österreich 1938 in Farbe,2008,60
Österreich im Herbst 95,1997,19
Österreich rockt den Song Contest,2012,173
Österreich rockt den Song Contest,2013,110
Österreich von A bis Z,2008,55
Österreich: Land der Neider?,2016,80
Österreichs beste Mannschaft,1950,7
Östersjöar-En dikt av Tomas Tranströmer,2015,31
Ösz,1961,8
Öszi almanach,1984,119
Öszi portré,1981,13
Öszi versenyek,1975,70
Öt férfi komoly szándékkal,1972,87
Öt nap háború nélkül,1975,86
Öt perc gyilkosság,1966,7
Öt óra 40,1939,85
Öttür kusu Ömer,1979,47
Ötvenéves találkozó,2002,52
Över fjärden är himlen hög,1987,64
Överallt och ingenstans,2002,29
Överfallet,1996,2
Överlevnads Örjan,2016,15
Överliggaren,2014,47
Överslag,2013,12
Övertidskrig,2012,5
Öyle bir kadin ki,1979,54
Öz Hakiki Karakol: Asayis Berkemal Aga...,2012,85
Özga vaxtin dogma anlari,2002,33
Özga ömür,1987,94
Özlem,1985,85
Özür Dilerim,2013,85
Öö,2007,15
Ødeland,2015,27
Ødeland,2015,29
Øje-blink,2003,17
Øjeblikket,1980,88
Øjeblikkets perler,1987,38
Øjeblikkets perler,1987,37
Øjesten,1999,22
Øl-aben,1996,36
Ønskebrønnen,2005,15
Ønskebørn,2009,29
Øresund,2012,23
Ørkenens juvel,2001,95
Ørkenens luftsyn,1975,45
Ørkenens sønner - En storm i et glas vand,2001,Denmark:125
Ørkenens sønner: En sang fra de varme lande,2008,133
Ørnens øje,1997,91
Østergaard & Jensen's store hundeshow,1996,70
Østersen og Perlen,1961,44
Øvelseskjøring,2014,14
Øvelseskjøring,2014,14
Øye for Øye,1985,90
Øyeblikket,1977,104
Øyenstikker,2001,111
Øyne,2011,1
Úahat,2013,76
Úcastníci zájezdu,2006,113
Údel,1989,12
Úder ledové sprchy,2005,10
Údolie vecných karaván,1968,83
Údolí vcel,1968,97
Új Eldorádó,2004,80
Új Gilgames,1964,105
Új Gilgames,1964,101
Új hadsereg született,1984,49
Új hajnal hasad,1990,60
Új lakók,1978,9
Új utakon,1984,14
Új élet a romokon,1984,37
Újgazdagok,1997,50
Újjáépítés és tökekisajátítás,1984,37
Újmagyar siralom,1989,178
Újratervezés,2013,13
Újratervezés,2013,12
Újságíróportré,1981,32
Úkryt cerného Billa,1965,12
Úlet,2002,71
Última Parada 174,2008,110
Última Parada 174,2008,104
Última Toma,2007,4
Última carta desde la revolución,2016,72
Última estación,2003,15
Última función,2009,17
Última imagen de Laura,1998,8
Última jugada,1997,8
Última llamada,1996,94
Última parada,2009,5
Última planta,1997,24
Última sangre,2014,60
Última sesión,2010,90
Última sesión,2013,14
Última vontade,2005,6
Últimas cartas de amor,2002,29
Últimas horas,1999,20
Últimas imágenes del naufragio,1989,131
Últimas imágenes del naufragio,1989,131
Últimas memorias vivas,2005,27
Últimas tardes con Teresa,1984,105
Últimas yaganas de tierra del fuego,1998,2
Último Caso,2010,15
Último Gabinete,2015,27
Último Recurso,2011,9
Último Retrato,2009,9
Último atardecer,2011,10
Último beso en Roma,2011,19
Último deseo,1976,94
Último deseo,1976,82
Último disparo,2005,7
Último día,1952,76
Último encuentro,1967,80
Último inning,2010,13
Último minuto,2001,2
Último minuto,2009,11
Último momento,2008,12
Último parte de guerra,2002,10
Último pase,2014,3
Último piso,2001,7
Último refugio,1941,93
Último retrato,2011,10
Último servicio,2011,8
Último tren a Tahití,2005,19
Últimos Dias,2001,17
Últimos Dias,2009,11
Últimos días,2016,26
Últimos días de la víctima,1982,90
Últimos pasajeros,2010,20
Últimos testigos,2009,163
Últimos vestigios de vida en la ciudad,2011,7
Únos,1953,113
Únos domu,2002,103
Únos moravanky,1983,77
Úpa en apuros,1942,15
Úplne beznadejný prípad,1978,51
Úplne vyrízený chlap,1965,97
Úrculo,1977,7
Úrední hodiny,2006,29
Úri muri,1950,101
Úrilány szobát keres,1937,89
Úsmev diabla,1987,93
Úsmev prosím,2012,3
Úsvit,1998,32
Úszó jégtáblák,1978,55
Út a csillagok alatt - El Camino a Világ Oltárától a Világ Végéig,2011,Hungary:96
Útek do Budína,2002,138
Útek do Budína,2002,265 5
Útek s Cézarem,1989,82
Útek ze seriálu,1989,85
Útek ze stínu,1959,97
Úteky domu,1980,84
Útitárs,2014,18
Útközben,1979,111
Útközben,1979,100
Útlaginn,1981,100
Úton,1980,80
Úton a halállal,1997,110
Útrás Reykjavík,2011,19
Útvesztö,1986,83
Útvesztö,1997,93
Útvesztök,2008,8
Území strachu,1986,95
Û nergiz biskivîn,2006,80
Ü.N.K.,2013,7
Über Bilder - 10 Ansichten,2014,30
Über Galgen wächst kein Gras,2005,82
Über Holger Meins,1982,110
Über Kreuz,1995,90
Über Leben,2012,23
Über Liebe,2010,14
Über Menschen,2014,17
Über Nacht,1973,85
Über Nacht,2003,98
Über Rusbad,2002,10
Über Stock und Stein - Es steht ein Baum im Odenwald,2016,Germany:60
Über Stock und Stein - Unterwegs mit dem Grünthaler Stock-Car Club,2004,45
Über Tal und Wolken,1956,71
Über Wasser,2001,49
Über Wasser gehen,2008,25
Über Wasser: Menschen und gelbe Kanister,2007,120
Über alles in der Welt,1941,85
Über das Meer,2009,79
Über das Meer,2011,80
Über den Abgrund geneigt - Leben und Sterben des Johannes R. Becher,2000,89
Über den Dächern von Delhi,2007,29
Über den Gehorsam. Szenen aus Deutschland wo die Unterwerfung des eigenen Willens unter einen fremden als Tugend gilt,1968,West Germany:130
Über den Hügel,1969,30
Über den Tag hinaus,2015,90
Über die Anden bis ans Ende der Welt,2010,Germany:44
Über die Brücke,1977,60
Über die Grenze - Fünf Ansichten von Nachbarn,2004,Austria:131
Über die Grenzen,1990,105
Über die Jahre,2015,188
Über die Montage,2000,40
Über die Schwelle - Mit Walter Ruge,2006,64
Über die höchsten Pässe der Welt - Mit einer Yak-Karawane durchs Dolpo,2009,43
Über rauhem Grund,2012,9
Über sieben Brücken mußt du geh'n,1978,80
Über uns Elektrizität,2014,21
Über uns das All,2011,88
Über-Ich und Du,2014,93
Überall ist Wunderland - Erinnerungen an Joachim Ringelnatz,1971,West Germany:60
Überall ist Zwergenland,1957,20
Überall ist es besser wo wir nicht sind,1989,74
Überall nur nicht hier,2009,72
Überblickt man die Jahre,1981,95
Überfahrt,1955,60
Überfahrt,2007,23
Überfall der Mörderrucksäcke,2006,75
Überfall in Glasgow,1981,90
Überflieger - Die Kunst des Skispringens,2010,78
Übergang,2012,36
Übergewicht,1961,40
Überlast,2012,12
Überleben,1983,12
Überleben an der Scheidungsfront,2015,89
Überleben an der Wickelfront,2012,87
Überleben in Belfast,2000,75
Überleben in Kabul - Eine Stadt und ihre Frauen,2010,Germany:45
Überleben in Nauheim,2005,83
Überleben in New York,1989,87
Überleben in New York,1989,90
Überlebensgroß Herr Krott - Requiem für einen Unsterblichen,1971,West Germany:115
Überlebenskampf in Argentinien,2003,44
Überlebensstrategien für das neue Jahrtausend,2009,Germany:60
Überlist,2016,24
Übermansion,2013,12
Übermensch,2013,39
Übermut im Salzkammergut,1963,99
Übernacht,2014,92
Übernachtung,2009,8
Übernachtung in Tirol,1974,78
Überprüfen Genosse,2009,4
Überstunden,1965,75
Überstunden,2012,15
Übertijd,2009,12
Übertragung,2008,43
Überwachungskamera,2007,1
Übriggebliebene ausgereifte Haltungen,2007,89
Übung,1993,3
Übungen mit Darstellern,1968,12
Üdvözlet Magyarországról,1984,8
Üdvözlet Újpalotáról,1980,20
Ühe Suve Akvarellid,1966,51
Ühel päeval,2002,6
Üks mu sõber,2011,102
Üksindusfilm 2,2016,2
Üleriigiline õnn,2010,30
Ülkücüler,2012,116
Ümid,1995,74
Ümit kurbanlari,1966,72
Ümitler kirilinca,1962,82
ÜnOfficially Yours,2012,106
Ünnep,2009,15
Ünnep,2010,16
Ünnep Esztergomban,1988,18
Ünnepeink,1982,10
Ünnepeltek,2001,41
Ünnepi vacsora,1959,78
Ünnepnapok,1967,77
Ünye de Fatsa arasi,2011,70
Ürak... ürak...,1976,90
Ürbarátság,1980,30
Ürgammák Avagy a 0. Verzió,1998,99
Ürtörténetek,1977,60
Üsküdar Iskelesi,1960,76
Üstökös,1998,27
Üstü kalsin,2003,27
Ütközet békében,1952,90
Üvegfal,2005,87
Üvegkalitka,1970,56
Üvegség,2014,47
Üvegtigris,2001,100
Üvegtigris 2.,2006,103
Üvey Evlat,2016,53
Üzemgazdaságtan,1985,34
Üzenet,1967,58
Üzenet a Volgapartról,1942,77
Üzenetek a Holdról,1990,20
Üzeyir ömrü,1981,163
Üç Harfliler 2: Hablis,2015,104
Üç Kagitçi,1981,88
Üç Karislik Dünya,1984,76
Üç Maymun,2008,109
Üç ahbap çavuslar,1975,77
Üç arkadas,1958,88
Üç arkadas,1971,86
Üç kagitçilar,1976,89
Üç kagitçilar,1976,84
Üç kardese bir gelin,1965,75
Üç korkusuz arkadas,1966,74
Üç kral serseri,1970,70
Üç kursunluk opera,1995,138
Üç sevgili,1972,77
Üç süpermen olimpiyatlarda,1984,65
Üç tekerlekli bisiklet,1962,90
Üç yaman bakire,1975,75
Üç Iki Bir... Kestik!,2014,92
Üçte bir,2009,11
Üçüncü Sayfa,1999,92
Üçüncü Selim'in Gözdesi,1950,120
Üçünüze bir mezar,1971,65
Üçünüzü de mihlarim,1965,70
Það kemur í ljós,2013,18
Þegar Kanínur Fljúga,2011,22
Þegar það gerist,1998,45
Þrestir,2015,99
Þriðja nafni,2003,88
Þröng sýn,2005,20
Þyngdarafl,2010,19
Þú og ég,2015,13
à la recherche de silence,2014,5
à parte,2010,9
à portée de main: Outrage & Rebellion,2010,3
à prendre ou à laisser,2010,12
à propos: philosophie,2016,80
ärtico,2014,78
ça goûte le ciel,2014,15
ça promet !,2011,12
è solo questione di punti di vista,2012,103
è solo questione di tempo,2013,72
éX-Driver the Movie,2002,62
éX-Driver: Nina & Rei Danger Zone,2002,25
él,2001,60
ìCàcaro!,2002,14
ìMaten a ese hijo de la chingada!,2008,90
íslenska on the Road to Unearth Iceland's Secrets...,2007,26
ö,2012,12
öregHarcos,2016,14
üç,2012,30

